date,AAPL,ABNB,ADBE,ADI,ADP,ADSK,AEP,AMAT,AMD,AMGN,AMZN,APP,ARM,ASML,AVGO,AXON,AZN,BIIB,BKNG,BKR,CCEP,CDNS,CDW,CEG,CHTR,CMCSA,COST,CPRT,CRWD,CSCO,CSGP,CSX,CTAS,CTSH,DASH,DDOG,DXCM,EA,EXC,FANG,FAST,FTNT,GEHC,GFS,GILD,GOOG,GOOGL,HON,IDXX,INTC,INTU,ISRG,KDP,KHC,KLAC,LIN,LRCX,LULU,MAR,MCHP,MDLZ,MELI,META,MNST,MRVL,MSFT,MSTR,MU,NFLX,NVDA,NXPI,ODFL,ON,ORLY,PANW,PAYX,PCAR,PDD,PEP,PLTR,PYPL,QCOM,REGN,ROP,ROST,SBUX,SHOP,SNPS,TEAM,TMUS,TRI,TSLA,TTD,TTWO,TXN,VRSK,VRTX,WBD,WDAY,XEL,ZS
2025-07-28,-0.005845070718707018,-0.009459309720846208,-0.005917872718158496,0.003833564877649083,-0.004274679622205582,-0.011723590231553824,0.0030690546482768782,-0.006879158194159379,0.005536371084342229,0.015748397193544456,-0.01899733995914652,0.013684760702820941,0.019337878987043682,0.022916320225684107,0.006400036404653975,0.02212003142920086,-0.00414259804292505,0.002486810388395329,-0.00920914062930344,0.007833889800350088,-0.005519081231262733,-0.013683794940193873,0.0007431354103878754,0.0061262382553173775,0.01440871213331258,0.005449609290568945,-0.00033286332805991525,-0.0028155430763217547,0.009473589062866869,-0.014068867273032186,0.0014220242484280672,-0.005644255656533252,-0.0141508408325157,-0.009686698198500487,0.0016329571647960492,0.01370263700125782,0.018228810739711027,-0.010425150012377732,0.007533195303518713,-0.0029982595560833873,-0.013907853023887577,0.023533500962450975,-0.005272650874724873,0.016279005692229488,-0.006469352488479581,-0.02330085374856026,-0.024481694253222712,-0.007949119073811843,-0.002264258920159426,0.03278088824002811,-0.011069064274979126,-0.0029029595230967986,-0.0026097369676062014,-0.001891985551987392,0.007793864330780231,-0.017640376380667615,0.010611164785418665,0.02820988941034709,-0.016445123080674806,0.028643120986365574,-0.006327182953528403,0.010407296699741928,-0.0152004286532198,0.007474958635444881,0.013596037308782907,-0.03443308205592726,0.03707921508934959,-0.0029990587160105345,-0.0024060061150412877,-0.007346908320778271,-0.0005224375528552726,0.016123933637938334,0.017957561949767206,0.006995152491086908,-0.013026246023442135,-0.014542957858663177,-0.003436756475456104,-0.0006516054737445189,-0.0033749416908287894,-0.005524550735154992,0.0028939340096403796,0.0028238000257071252,0.033150100392494136,0.004518844845139633,0.002863901468415732,-0.008307927285467774,0.018317528136666247,-0.005307315767719464,0.004506366277236877,-0.008796840494201742,0.02209411613616241,0.05565830767367734,0.006184021540172058,0.018509768569389195,0.019642714973804654,0.008421992219658732,0.00566267297363842,-0.007156715385109515,0.0049651955869107894,-0.010437506617527507,-0.027103582876241414
2025-07-29,0.007840202667244528,-0.009040215484418523,0.004220420261657747,0.004439308850761693,-0.006203489471413463,-0.012750907302313277,-0.01558837908609901,-0.004881114323042814,0.005049238707086321,-0.0016588666840570213,-0.004254634462176381,-0.0031298262775852105,0.00017918114264636048,0.013176807537383761,-0.01043555443161484,0.020603633918376885,-0.014586633650705977,-0.00042051482363326953,0.0026494591948921786,0.01217380256491747,-0.011075455124562456,0.0021087415762234274,0.0012054900292024565,-0.0025877762307675474,0.015443584776935498,0.007722977947168856,-0.002127550255017898,-0.015501319029612007,0.023966401374017544,-0.012622511688292218,-0.010304833023858838,-0.011286057862247581,-0.007793096607228614,-0.008288460321886279,0.002063294236421445,0.009797399510451159,0.012312119834077482,-0.005509378218099811,0.006709233876551129,-0.003179084354527177,-0.007726577872006708,0.0018575089036821854,0.005620568848926144,0.017358332565207232,0.008640111306269072,-0.010521667740542896,-0.01153345231436901,-0.006136066461727069,-0.012105390999502787,0.0339008746156805,-0.002881503944390136,-0.003771647285938845,0.004551801471415526,-0.0018423114822189376,0.009389197140813436,-0.007573258023647757,0.008761371454610676,0.026216242048717517,-0.009430609755697594,0.028397459761059313,-0.012144239268787889,-0.0014832864366707832,-0.012942243140799801,-0.012010678644074124,0.011649859313607128,-0.006099578895515469,0.03759294772932787,-0.01676445118979749,0.005518128638208806,-0.002684032981409845,-0.0012782867667887297,-0.005270628475210225,0.015442222668632042,-0.001959628350250521,0.004409778085342819,-0.014622206504002103,-0.002669838068000495,0.017338862310738185,0.007452814377817377,-0.005155889114041617,-0.006239232361421564,-0.01057609403227449,0.04966161013240526,0.004087007740217405,-0.003980873550553099,-0.0024082416557839777,0.01727131247055212,0.0025829801789333737,0.012031842539300414,-0.011457242590083488,0.0226059146118572,0.037356939862762166,0.02085793518579366,0.01711057475827607,0.007893513527190917,-0.010267142602586564,0.000755558839783968,-0.006907107016113384,0.01625217486090557,-0.013347707931021767,-0.03520320951538876
2025-07-30,0.0007344908540963882,-0.009249384840698593,0.008000339845633794,-0.007010542008606742,-0.010044158392722144,-0.012795935933433214,0.0036180043536825704,-0.005205458979528267,0.003257557333477528,-0.0008251261968268697,-0.021708522259022936,0.03579747933385182,0.010528429787778047,0.0033042856807617774,-0.010139344810918403,0.008073565948410449,-0.009755581015979689,-0.009202251582898745,-0.008195858997333355,0.0100617426627585,-0.0035114271772799313,0.0009960552959999668,-0.009920997430483504,-0.006216066988685508,0.02027260435611396,0.008944394487210357,-0.003872908001874016,-0.00380411373501522,0.024505654608675664,-0.013673102652467788,-0.011468937456787225,-0.010883125418583446,-0.01120127965779371,0.0039760988647463,0.0060566837876376185,0.003385669571775711,-0.0130073040059204,-0.018024632553994974,-0.0026341695511981206,0.001107173903222007,-0.009160641432164308,0.008588231395266276,0.008257165985788597,0.014294081791143196,0.01098293395756673,-0.011909688247400678,-0.0059603964497375525,0.0034372163625623134,-0.012659694579133511,0.015200050778048028,-0.0027897997204945554,-0.0006241115356268312,0.005486014162535448,-0.0009716880426979893,0.010771905475209485,-0.0072669931192693785,0.010031462182212996,0.03016647768096742,0.003981212139003487,0.02486619642955608,-0.0027683134759169496,-0.005711411460081542,-0.00826872024686983,-0.017259230208468784,0.018054737900287898,-0.005979562679358681,0.040261262199979275,-0.020411286039655897,-0.0023769253589220607,-0.0038187488215843876,-0.0032561492359049413,0.009543482930826012,0.02489845887187135,0.0019492235521515189,0.00814215145281259,-0.01477969560941414,-0.001982245641345852,0.01873601728232012,0.007258076685460538,-0.0005105253345346061,0.006381014910817294,-0.007827669084495226,0.025540179706801086,0.005515134538971872,0.016487961647724717,-0.005108063662130458,0.020832221314036482,0.001699962107347141,0.019156318995123666,-0.008246161309343289,0.015284716987036156,0.038162345077898854,0.015480810854023542,0.01087544451650872,0.0033386207665937855,-0.002108478962201534,0.0010182377824724115,0.0022154220454184068,0.006717328899369247,-0.009540905884047095,-0.034988694123912624
2025-07-31,0.004022914153531083,-0.0087736135104734,0.0049678240411021694,-0.008297137125613564,-0.014080421306038045,-0.012878426914107483,-0.0018139127952472092,-0.003932154555653378,0.006921912027919409,-0.0006370858437353966,-0.00788157832522303,0.007742104243102264,0.03129227829755692,-0.00032006548180724473,-0.0077672659991793735,0.0066940031156715665,0.0031050208284559046,0.0020195541880177297,-0.00875673224685846,-0.03265731677682334,-0.013186146159023991,0.003469832968088494,0.006020909542036296,-0.003730079130586112,0.017334666261922975,-0.010205043129304682,-0.0027104678640316807,-0.014671169052687213,0.012563840944260057,-0.0054232961985719,-0.01191797222121379,-0.02403554276043296,-0.017615471428411626,-0.0022557905052828925,-0.00257858221289161,0.02252829964260166,-0.009989599389346897,-0.016529980499379093,0.003766332148665473,-0.006014507418107856,-0.022159314476429305,0.007007776971675785,0.006441721285168806,-0.005906944226148202,-0.014943803481591078,-0.009943251545962796,-0.01124378695268196,-0.012050719337513095,0.003089458052995528,0.03930482861961393,-0.0134001951254265,-0.002091354395992992,0.007500600349983733,-0.019105336674052772,0.004730337939756281,-0.008054198537428107,0.00526072092796126,0.023634692231019896,0.0036712485446710533,0.010558181609950607,-0.0035627385342873984,-0.006944635781824415,0.0065482786915919515,0.008135733917479758,0.0170346013200574,-0.01463216994594909,0.03934789522841821,-0.012865888518487613,-0.0035329288964215944,-0.0002905737438571171,0.005465130866381684,0.01362683533266379,0.00632207705020325,-0.00514028682830445,0.01473963051461709,-0.015167995959341526,-0.0024739462985040594,0.013967400060088142,0.007905883671982958,-0.004762290938971275,0.009980692421616269,-0.013474989135787901,0.04745832084607401,0.003079637750352658,-0.0036819304781804535,-0.005120734889883849,0.006142140055282123,0.003112149814360563,0.018572703994713165,0.00787403060721046,0.0010620023467128592,0.028732382364633217,0.01507524277170129,0.00736919274008313,0.01146376264902094,-0.004936319415564286,0.0011559444270711483,0.0024468461070966396,0.006155456737352509,9.519477946572444e-05,-0.026152544881981175
2025-08-01,0.0010018907174253674,-0.001575376799135681,0.006788937807486503,-0.011058654228956667,-0.01225429779384831,-0.012690976083264499,-0.006080145556925549,-0.003723296619928859,0.004438432841570698,-0.008184046255766443,0.008756220281007997,0.005693301901315485,0.03281521323860662,0.006976373105618994,-0.014286451010733274,0.0003535493570376441,-0.01051759169881844,-0.015564851502205823,-0.0037011445626692688,-0.00010969474150899355,-0.012929129240887856,0.002970914205290595,0.018749522035816098,0.002279143280201113,0.01600829767091794,0.0005176993967456051,0.0037384739571151467,-0.0187829556645639,0.01004699217295478,-0.012974799505220493,-0.0003166183843527695,-0.04316737251589891,-0.014300509774727264,-0.002851848960827748,-0.024581937885328538,0.02538340206450463,-0.005237299999178713,-0.03679552969861995,0.0017059577144069374,0.0008541336344924481,-0.017825564523534544,0.0009797844102256183,-0.016488628917252807,-0.004254709289975851,-0.015446560973783677,-0.02280334228887665,-0.011155855061479189,-0.004803093149611172,0.013274493492160344,0.024521222707635886,-0.00821352832216992,0.0010369932417848976,-0.012675430533619456,-0.001429601535260748,0.009347024334162839,-0.012648079434848768,0.010353768534112325,0.0220885129353882,-0.00832584596462671,0.025861794835484772,-0.0026530967329390052,-0.009090083282198451,0.00605682443194137,-0.0011529493075811345,0.02159369250180514,-0.014145911496093115,0.020255915032550992,0.007172937564670467,-0.002881989686240649,-0.008046665037659884,-0.0013058738934506563,0.010548483849366375,0.0006974097545130904,-0.006758718968771019,0.014211014812600653,-0.0018820030224712542,-0.002771441057571343,0.023420454679399155,0.001025850146945534,0.006484587227798287,0.010173776902390583,0.005727846783189813,0.047674632809687624,0.004297918032185363,0.008641106573003196,-0.001666586732373413,0.026479549506981923,0.004456206311752524,0.006212035706202726,0.0018316582231978143,0.005502300701527428,0.05461047041501886,0.014837213667554241,-0.006959958541323849,0.003892152888275026,-0.00249122225731371,-0.009349020394121867,-0.0033671929007723367,0.0008956710915455426,0.0015011179604412436,-0.02758372607320935
2025-08-04,0.005109128673086435,-0.010483848986234594,-0.018180731316857438,0.0011706835309441,-0.007141845600962406,-0.0017862348971105953,-0.003628673510092207,-0.004949384075832817,0.000680204024531731,-0.010329829064850946,-0.003736094940480949,0.021149362689689644,0.02243311204628572,-0.004398499292591996,-0.010495209246957526,0.015896881210067687,-0.01950749232243314,-0.014663260140985703,-0.006445810316052486,0.005079416820920432,-0.009452793628826148,0.0039508168254339775,0.012616380040551031,-0.0013147812283636345,0.005974239388132609,0.0021804705727147683,0.013420366870270588,-0.01751310304091119,0.019163802299069648,-0.002588257306394292,-0.007637020560526068,-0.023681247032575212,-0.01232123304722962,0.009172809456158473,0.005454688794929729,0.02426401429334686,0.008272392465440186,-0.024872758639860073,0.005045958662974453,-0.020269026512537185,-0.006124828042632834,-0.007780115708329215,0.014737888048855494,0.00971348565874173,-0.0008338735493831802,-0.0235331819456189,-0.014724559314145892,-0.005705306321157615,0.003528103957127049,0.01581528306961548,-0.0009814055450510298,-0.0017756401250969556,0.0033774830121626777,0.004790291213393815,0.011128914413747876,-0.012072767348750148,0.00964213055852865,0.01137796698881317,-0.007241445788295119,0.026857856452437563,-0.007192921832583719,-0.009902562543534488,0.005332338992769088,0.010561409669020593,-0.02180689059444745,-0.004213065213639861,0.04804669175164847,0.007141523003931487,-0.0008934514147142525,0.0019474436693499263,0.0014201526603769485,0.005224566844885842,0.010751843349324754,-0.006909666689534296,0.009812321056529039,-0.006776638978720304,-0.004004970758237927,0.013284622862974972,-0.0020041730670177227,-0.009700111780869571,0.010919480708237126,0.020595501709701904,0.03246944384495947,0.004808198474344116,0.008319738738678403,-0.0011927090640774587,0.03068954907228561,0.0067764041248037435,-0.0032026497214096977,-0.009812290386295937,0.0018978215390453336,0.05205699804512025,-0.04170151943086481,0.009597379530984645,0.021945215993591574,0.019551816089295324,-0.009362445843230257,0.0016127354866611598,0.004921910699559284,0.005257200516319057,-0.0146032504951687
2025-08-05,-0.014374118732113177,-5.45357111359987e-05,-0.020345488705825584,0.00097606437136806,-0.006498011579002656,-0.00323260797975811,-0.008102273323727694,-0.00477500611984814,0.015504368423024925,-0.009582289037587528,-0.00023626621494336406,0.03774525908238096,0.0153102136748012,-0.005852819824677214,-0.005253166956466788,0.014640262664932457,-0.01525652635778688,-0.01652219337008184,-0.009602806618245644,-0.003514139173320191,-0.01629685555686573,0.011822489705090327,0.0059150334798507495,0.0006923828879788901,0.028288860898154827,-0.0031457710332329115,0.012622503705656228,-0.013460022257082978,0.023981593684864935,-0.004175476335044153,0.0011042978922461803,-0.02887015280199844,-0.0182866944796722,-0.008332617858103335,0.00445405251377021,0.016298198395678688,0.008556194408782348,0.008524832152162775,0.004624723194102235,-0.0017609039346215445,-0.006802955472333748,0.0035084382227701,0.010934343693749439,0.008253512079908272,-0.004308695331269385,-0.022891155884577265,-0.01437806289199033,-0.00941285983774123,0.011567987220161557,0.03420401906554463,0.009479636061376452,0.008853920428505125,-0.0017465235380826928,0.0037387335168904343,0.006497017074509101,-0.014034282848501476,0.010920079959031862,0.009043395617594045,-0.0029468627995804623,0.02394093878713522,-0.006296062231993613,0.00318644647301922,0.0065383391398445845,-0.013374131243943977,-0.02560821691789036,-0.004573192995633923,0.03026247501672541,-0.0004441096155852371,-0.002474660748074193,0.001449147687729243,-0.0038618334185190097,-0.00044637628560487835,0.010919611384733317,0.00012321271843752923,0.009378163822416628,-0.005754057213216961,-0.0016168398418782114,-0.005040797288073048,-0.006590100680793024,-0.003701811659895589,0.0006087258856272322,0.022210556362532056,0.03774949505966824,-0.010223295025498864,-0.011734026874785575,-0.003086975230433966,0.005816507832015878,0.007670339571324427,-0.005446794234740343,-0.012911867994351279,-0.00040552999134100057,0.04487151602862598,-0.02750948971241123,0.0021319817912686424,0.01829747534501867,0.02141300063127767,0.006195743223462367,0.0028984525541049175,0.0038435683356186183,-0.0009101421779832801,-0.017002907358963478
2025-08-06,0.000823530355739812,0.010906863481363344,0.0017713444102705096,-0.0004945231237390019,-0.006082172197970137,-0.013534495677044785,-0.011694496713290006,-0.005780677981046752,0.011431444900851802,-0.0070779134106595774,-0.005037109020520538,0.02853788570788375,0.018853426484080324,0.0070753348926163966,0.0028042106483573866,0.01595791551360736,0.005425857372787942,-0.01594537284964097,-0.01709516715718515,0.0030815945600728215,0.01270701236604351,0.007036771030864843,0.0056174727739749485,0.006933451863797305,-0.001591435317017116,0.007796793316357572,-0.011581531014103991,-0.005433586698469852,0.03113334695547061,0.0002972103575407982,-0.01146485872010011,-0.022940121798720434,-0.01809448297041229,0.008339550046050179,0.006259325937735323,0.025974821848783733,0.004311383753628991,0.0031620951064674115,0.005050437507226221,-0.0029533522667447056,-0.01271879743978135,0.0024736172508755955,0.0018977296703071057,0.0029469432158610344,-0.003682733099895776,-0.014304432332938575,-0.01722120332570694,-0.004616628072725955,0.022424738755106446,0.03249305451977732,0.007165517156536787,-0.008569887756939929,-0.0040542919699298845,0.003013420052621049,0.007107424177355812,-0.014175537593687237,0.004138520581783024,0.035040735517739244,-0.013179283615029545,0.02184094711760333,-0.011012654834150402,-0.004516604919159128,0.005295859501890758,-0.006234787607397645,-0.007420329382719342,-0.005021640337915693,0.032992267517167856,0.00615128184140451,-0.002967777652961131,-0.004286556007739414,-0.0014043851463923576,0.0012999334878514256,0.011105495686664892,-0.0008424514282213795,-0.0047856008407282,-0.006679466966871123,-0.003945370749701044,0.004734338339047423,-0.009670530894977911,-0.0028925269913275264,0.010257568844155778,0.020301265028697384,0.035441714528703344,0.004137295817970624,-0.019643813679422754,-0.011811582488777155,-0.0036746633421053457,0.010835889791948166,-0.006736586492001324,-0.01023842361201616,0.006531985755360806,0.016899267351890256,-0.010571459202758617,0.0030293399877221287,0.01809292105255734,0.008070381975478786,0.0032453141157236798,-0.0036780616097415,0.002008281769926939,-0.00390445985691441,-0.015182974780831308
2025-08-07,-0.0077259238961041,0.00983565183087829,-0.021872958633276738,-0.007299653153950401,-0.007722436460193941,-0.0035712748706054065,-0.01031543941438923,-0.009625391785322044,0.006834804592585578,-0.004469046034146492,-0.005324070886208395,0.012057973599218699,0.03613222230796946,0.0001122926530571812,0.0017283817659630996,0.00858871428476091,-0.011602299964153556,-0.01599147408881409,-0.01820718477178478,0.00031101216544619434,0.01706616211700543,0.0038496091695448334,-0.010204380822650221,-0.0008315292897432894,0.030743982853131156,-0.00935583312458348,-0.00963030439133047,-0.013781856126541332,0.014421553332345722,-0.0036019163927149093,-0.008511132723192687,-0.01353988639924571,-0.01770406299459377,0.007852196224766295,0.003256975882486586,0.03677723407478996,-0.0023452380412620627,0.009371989191789564,-0.01176282043439644,0.0043193967762921205,-0.020822665830286084,0.013711566282641335,0.0017146935421642022,-0.0013459065068954328,-0.017791881394748407,-0.0165208564864479,-0.018350746668166096,-0.010153870667953115,0.011202982407087416,0.00935439089637804,-0.0007702933097786351,0.00840006344737041,-0.004662216786639795,-0.003937034402465449,-0.006778204462259352,-0.014113631501003466,-0.005202630540780771,0.0037094798812187177,-0.002731472493416258,-0.0026011614667039544,-0.007856953589000033,-0.008097213986902625,0.009594484146101106,-0.0031016498400311364,0.0019870507878881442,-0.021517202517471374,0.046400782098308245,0.0026922806975913025,-0.00886003336560878,-0.0005856600188309594,-0.01260154304455528,0.005128669405591483,0.01981134185477922,-0.007875103779781106,-0.00034434109713634906,-0.00794555874396492,-0.003967172749817744,0.014101335322091312,-0.004372072616827833,-0.008771428363346472,-0.0013743497458156527,0.009250594413959545,0.04102644424333933,-0.011843302366159474,-0.017270333494805102,-0.0025861835508006574,-0.010109354351217733,0.012338609423342743,-0.0008992761353197459,-0.012994830049299317,0.015204605179186662,0.016851983045487323,0.010848268654714222,-0.002025261292077616,0.009091185911455508,0.014122520097988124,0.004957645978499847,0.01870579307938939,0.0039627274352030985,-0.01196357735577246,0.004185344083912097
2025-08-08,-0.001767490110655228,0.002935469951351511,0.0021836205753582097,-0.0064191044660677245,-0.010461954228210116,0.007556330050655757,-0.0261750060789147,-0.008733816236238732,0.01612860018564466,-0.003114810984508925,-0.011088325609400113,0.0177289142698215,0.026608979235608114,-0.002208398380511869,0.0014383089174992252,0.015957214793041265,-0.009398006187239339,0.001937485511495498,-0.015986276153119015,-0.001777729265453977,0.009752346430903114,0.004820026265377926,-0.009757066905653537,0.0004851857380224235,-0.00711372109714992,-0.0006866949251195763,-0.004476525737975152,-0.027357623656945444,0.014168773941041877,-0.00592428039137639,-0.019350869991959594,-0.034743324940325795,-0.01879186398454617,0.00944547499117332,-0.00707821336967052,0.02270674562905657,-0.01542013805471534,-0.0010597536030251854,-0.02348081661386491,-0.000158378583684584,-0.021137020793635195,0.010702291358509527,0.022740987174468617,-0.003019606919923413,0.009647215843698737,-0.009807957945562263,-0.012393726003583395,-0.0010673140674676354,0.006765335530871473,-0.01000092358121828,0.018763687584388553,0.013299051809085215,-0.013133442083503363,-0.00488037865537851,-0.014774292590822313,-0.014451009689726329,-0.003952003845750708,0.03767725154484616,0.0016829749303780388,0.0036012311831178263,-0.01874961585437809,0.014638160990930744,0.008187231957639627,-0.00871260113757583,-0.01733709870978251,-0.027168615271762907,0.017042798326654438,-0.005406268529285607,-0.009769723778372378,0.007970963649982062,-0.017980187034355364,0.0077250248474390465,0.01906637485997792,-0.042187187924318775,-0.0053248284778837605,0.0074663029718019976,-0.00458700620089313,-0.011106769947210254,-0.021360154997804966,0.003272364665783664,0.0053189378801524675,-0.0008966006606915475,0.03791226646985543,-0.01519590189076898,-0.009096373207211062,0.00019439616848572136,0.0028412095578261576,0.013316435988861446,-0.011685756077508162,-0.014711981281501797,0.01635080663609982,-0.004443571727089157,0.01947085946961327,0.009616034280044691,0.007137952881574761,0.0002008455027878893,0.003902742818850606,0.03191113121295889,0.0028631517733585694,-0.012639894748909735,0.0025662969756429614
2025-08-11,0.0032150774816359327,0.00721116992668271,-0.011660073983108744,-0.01415169781302662,-0.006913890894518517,-0.0010519864673231433,-0.029700090017689546,-0.012313308413330563,0.016714866680276795,-0.00035115565305806826,-0.015132147962898534,0.013049651248403332,0.0002755628551397611,0.007095008088894666,-0.004492424429065941,0.019636294402094023,-0.0058018122178175695,0.009160012313916784,-0.013588129958230725,-0.006466941738763252,0.003196165965433505,0.011936350384715935,-0.009608766570713589,-0.0006969637525950055,0.01839922479887589,7.88386277170601e-05,-0.007543961856364422,-0.02669922617888659,0.009969956646519985,-0.021227151765523877,-0.007182847282181954,-0.03070637106628964,-0.012415238350975032,0.004967657089718171,-0.004199165197074896,0.01798923444826795,-0.011653392092391534,0.0007972858177636571,-0.009471586354171207,-0.006446049089621857,-0.022366258104162467,0.013177262814733038,0.004765285065403888,-0.005365806788001474,0.008709123399554434,-0.013580903239193826,-0.015486091947423137,-0.0008039437654364136,0.010730032383340651,0.0011030102158165363,0.007187559489693799,-0.00048720132704574426,-0.008067871238535137,-0.008559989679018037,-0.02077260455440506,-0.015252689527607301,-0.0012345080708534052,-0.005795807591700324,0.0013736859938264616,0.008004702588774126,-0.007416964807603666,0.0028053441179703223,-0.004405045550369562,-0.00044948742541995115,-0.04461561616999482,-0.02350764034809225,0.032398127943056465,0.0050842268926579795,-0.003778773596345663,0.0046125366483607995,-0.005777193905037389,-0.0032375602732059097,0.03983748141707361,-0.03745123694378005,0.007438069249436366,-0.002532880549599704,-0.011864155636616937,-0.00920316593454749,-0.017751231006228125,-0.00030047660261656867,-0.0011825626415715718,0.00904726392242296,0.05464925174987206,-0.008761253116213442,-0.010914710683036188,-0.006971214229056898,0.0012270429926945908,0.014385874743617865,-0.006845908746728854,-0.009510098163138529,0.005960213571472233,0.010959545729159399,0.024046856307769593,0.001377525410791492,0.006406623891286389,0.012202203939874152,0.006126732200127567,0.03174767268439441,-0.020062926744114692,-0.0215137859235927,-0.001404370343937502
2025-08-12,0.001108693458871362,0.006639047283180908,0.005064470166176303,-0.011915164619390708,-0.01678478499313887,-0.004078734022127772,-0.01893178654284865,-0.006825044683757182,0.01465673181191479,0.00032019093644785127,-0.0057306235009411365,0.0075380148490166235,0.000389573118478221,-0.017353539200627936,0.003984555989868726,0.009555904538723268,-0.004191407747989321,-0.015582848973711583,-0.017938159049800537,-0.00262198541249287,0.01316488109656473,0.010637180832778165,0.0059103662098387785,0.007898852637022686,0.027199717077736434,-0.008217049897228896,-0.004991000053372437,-0.02367497337649781,0.001762384966433956,0.0031673327560699377,-0.007523796320937377,-0.0308174303045216,-0.0127437848362268,0.000202769626271658,-0.004036107291920565,0.017489838782231516,-0.03192358806651667,0.004388706603198837,-0.018015522948555674,-0.0035515908114731633,-0.021463571706841485,0.014487349972845336,-0.0024917745820797928,0.0041276491026161835,-0.00246954299315821,-0.015909361436650536,-0.017709265863256083,-0.018522011498161375,0.025235388724857914,-0.008748155266160382,0.00756685885412756,-0.003163560828354766,-0.014715909610019739,-0.01062181630046333,-0.012240169489628572,-0.012259734741995872,-0.0033189510403460847,0.03457101680752839,-0.0034368888363355485,-0.006256106794328278,-0.0019822668704258008,0.0010567439082328905,0.00932759576094071,0.004188472770857137,-0.02782788538478508,-0.023792173681482117,0.030619146121779697,0.002984818193210014,-0.002461927703901145,0.00605750205570553,-0.018726816647921873,0.000509416339317021,0.020227894679749975,-0.017498713979806974,-0.001670703737438408,0.00040151244193047456,-0.004986164622073148,-0.011573169058967669,-0.024246211844456068,-0.002403546272569543,0.001267776597096093,-0.006511946559024821,0.05501132197969133,0.006410390222856693,-0.001993391972396074,-0.006226070939651194,-0.0035755916257009315,0.013295677765972173,-0.0065586314197826935,-0.002651844954654991,0.014648932906688289,0.007602293656655063,0.020865274684306226,-0.0008461000956312657,-0.009177369395095569,-0.0003442193393864944,0.0056987394339446,0.022832207698168995,-0.018913305959078693,-0.012885884033060544,-0.0038889633305687447
2025-08-13,0.0002617807536029297,0.005482249678707172,-0.01086118589165164,-0.0014493828550658124,-0.005177443179879126,0.017868108626789288,-0.01714182218632049,0.0016130087648496133,0.00020147836284569592,-0.003202037078591357,-0.005137086673494207,0.014004216708440235,0.0031725094107376665,-0.02416726701552505,-0.003490161414362456,0.010964764219664688,-0.0018033510877790877,-5.9560322553466744e-05,-0.010537658119029045,-0.009417404997295552,0.006959626342238692,0.027899632821981112,-0.0005800586158565789,-0.0016631166781942534,0.011351498425934218,-0.009098513260120494,-0.004676681981524829,-0.026325206527317496,0.013309338473680642,-0.012146008332417867,-0.00541442661178879,-0.032402713419033544,-0.013062431996924879,0.0038643692947575997,0.0019565818689351797,0.014185414594207385,-0.011881959967841176,0.010674361946817638,-0.017142439608735776,0.000655076617307529,-0.036207895352789204,0.012591692344400392,0.0010789758509480059,0.0050213823550644444,-0.006636229805814683,-0.011906334217028556,-0.013018222503068892,-0.019966270639875595,0.0016093777436576896,-0.0038893580080433914,-0.0035182514823137584,0.006933304591005253,-0.013871058025368501,-0.00602601087722902,-0.004260506170332159,-0.007638880488390707,-0.003276728053981142,0.027618646330238705,-0.002043020577599485,0.0032970097781532225,-0.0055291135916286545,0.006171133074223865,0.011140368380289745,0.005822710077289239,-0.058811923431920266,-0.024834325802285447,0.04016768118845422,0.006489522298460747,-0.00527982196849194,0.0032320253104979914,-0.010268199541280495,0.001151827195111272,0.016515568725961337,0.004710857407499408,0.00515706017687835,-0.008947196654056428,-0.012259101447701887,-0.009361773872156223,-0.016326614723505332,-0.00028518598128861664,0.008515964120190987,-0.004227574776882664,0.03625160539465071,0.008803302005247794,0.0017701667481039539,-0.009163853758423459,0.0022890046435514975,0.014430405549823753,-0.009659476184784858,-0.012546028243025305,0.007036069751242439,0.021541789649860053,0.020925948445304987,-0.0024977366871774508,0.0035117691135275707,-0.0006599082580922323,0.007017369920631542,0.011994219357628991,-0.016022929655387225,-0.013617715515713214,-0.0019136003071865033
2025-08-14,-0.004035036947630886,0.012484077782963737,-0.007499313667851278,-0.008351635821696821,-0.014259695885998163,0.010119303508587755,-0.016230618771212225,-0.0008267851709864542,0.0022165868381917517,-0.003966289634336106,-0.003298461053301411,0.02569625760103287,0.0009308810337498551,-0.029800698535245706,-0.0026952336491890654,0.01419215637682652,-0.005342340345409213,6.338206887571488e-05,-0.013277457180822304,-0.007830877865088553,-0.008286997702261167,0.02586631171101894,-0.0007327351343344272,-0.001847887063133439,0.01526702967789758,0.0008848822931457993,-0.007098937107367424,-0.024445672632927146,0.010406068689085165,-0.013429318366555868,-0.0061228779192274325,-0.034014226663774905,-0.01164170409871693,0.003374999156189551,0.007217652075845887,0.0035623306300838903,-0.03045541145297553,0.002803397232985009,-0.008278384705706906,-0.0034030856119994825,-0.030428649496140856,0.021016836752949634,0.022488166124525054,0.0033923549249703262,-0.014711591393691593,-0.012855417785851617,-0.014321573806359195,-0.002631861309876901,0.02245504396882521,0.01662967366571494,-0.003988673800904438,0.006871587555143811,-0.009372250779674168,-0.008956934635671727,-0.0013935977443635984,-0.011558785456815417,0.0002875710974095634,0.02552033441523686,-0.0035844083778293623,0.0011928391891435318,0.00010823368032156222,0.0026795916483409454,0.01050003738076333,0.0043385785105369175,-0.0577703211453474,-0.02284497077992501,0.019019069280280947,0.005848680638698259,-0.0036249682468752105,0.0020208840861295936,-0.011792876561972417,0.003594404896147662,0.013315529843803079,0.0072609076644748125,0.0011000359087524718,0.0004694295600466934,-0.011982570950018357,-0.010249106670870697,-0.027246084891387874,0.011130453287817196,0.0004208510971096119,-0.008353734379813262,0.035122773098766616,0.0054088383717709465,-0.004485141702915578,-0.007771395000395722,0.0032040991604173827,0.01514751831495651,-0.019057150503547286,-0.013790331265340596,0.010642506768874313,0.01689545013228492,0.018576610367848138,0.00759906391452066,-0.016325871568185334,0.020267246244936282,0.004483934027951147,0.02415273510429533,-0.002706996576506134,-0.012684343707728824,0.0006860108544347286
2025-08-15,-0.00923963462518802,0.010700691571468817,0.002985603271846351,-0.012138179511133145,-0.006159522463035073,-0.006139273967076881,-0.01585582879890746,0.013346483212770087,0.0067359064229756925,-0.006189685589055759,-0.005098179137996654,0.015376759788313769,0.013178854254295934,0.008674251673924886,-0.004471912493864635,0.012725877934537834,-0.004063832863893595,-0.003941532463091913,-0.015565119238229442,-0.0009919196971057455,-0.010932737574666864,0.00037811495090021505,-0.002745975683721317,-0.0029226893477317627,0.0016504641925550075,-0.007101787985355313,-0.006165659568235397,-0.02034880431460352,0.010061585429796596,-0.00795871114798143,0.004366293179388411,-0.035243663970581124,-0.0012612638053252842,-0.003648201976431984,-0.007084465094195597,0.01199102724268725,-0.012930324596424788,0.0029444527570427585,-0.010613795236033233,-0.0004906332287872989,-0.03648722878437946,0.011197109394517728,-0.005351879345896312,0.004920703602490809,-0.02092947360904184,-0.0545600141328325,-0.01834300965208707,-0.0021709267253855052,0.014547088044892652,0.020583536426179383,0.009426719134774102,0.015838237021429287,-0.01135640052400574,-0.008527560927523787,0.02108149967807821,-0.011867992320468698,0.004794353701294784,0.009707384750619129,-0.0017353131489389849,-0.006103258573864425,-0.00381303083217786,0.005302442057125104,0.009823272726640565,0.010320940815126748,-0.045238046380813024,-0.022799115436722518,0.025668254229524408,0.015067660305106102,-0.007759810339746227,-0.0148050297079344,-0.01112540257658438,-0.00044094617346560755,0.014754926485961956,-0.018067274973436773,-0.01027885766568425,0.002706872336679659,-0.0036702609976150026,-0.015116011916579141,-0.028873840666536647,0.0072178418817290535,0.011405050713482605,-0.010705089054631089,0.03688952601901687,-0.012010208044966417,-0.004814777320759741,-0.0011878479386235909,0.002001603001667688,0.013158968134618709,0.012911289330760831,-0.009589842918008146,0.009725639833920403,0.03223178102410288,0.014136443696691987,-0.000748536912777386,-0.0174789301318521,0.020287285478172875,-0.0074139786238374035,0.010875172982526469,0.0012968687042496617,-0.004779716238860275,0.003550916276397805
2025-08-18,-0.009039192735867396,2.7725288382192403e-05,0.0006748099085775727,-0.008729557925319056,0.0026669860138544034,0.00090787151023973,0.006556000156326503,0.014933036282633823,-0.0024390346326413903,-0.0016803140712084233,-0.009298934676597495,0.011961546605567933,0.019603530104021383,0.010182256180705472,-0.008550571144829343,0.005606046141896574,0.000257676666750771,-0.0033828732544276888,-0.010161984307054325,0.012583792069872365,-0.0055962546928077644,-9.867299771521704e-05,-0.00037818308278646934,-0.0065370885232650805,0.012074154031623634,-0.0078106610483128225,-0.005117576473786731,-0.0144311014136023,0.009278511605270226,-0.00419454156140648,0.003755285677565147,-0.029045010438188107,-0.0001006157077846001,-0.0019129036742969868,-0.017449485363248002,0.0204380407811078,-0.009270905113893474,0.010432348779914159,-0.0024059611699671912,-0.005689143022842624,-0.03146595300412575,0.009742381928622867,0.0019647327306604977,-0.004226524391742377,-0.01976514404580594,-0.032060766852706944,-0.006938230523930292,0.0033158543907780454,0.004437523306932308,0.013793913385092525,-0.00925682172883665,-0.004463580042963836,-0.007283886772467302,0.006472261797257548,0.013217896138333574,-0.012070345428493778,0.0026708297743672955,0.007341655281467328,-0.0048432446911502655,-0.00287266960818338,-0.0013789551603876904,-0.0049207820488775394,0.0015717882056749503,-0.00429955258383783,-0.05403898757774062,-0.024973331961480494,0.017067088346421067,-0.0015943027582849406,-0.006693518320846574,-0.01567039723532844,-0.00830413305096863,0.0007744338535178516,0.013638852266785604,0.00814177077029633,0.0009229862088651689,-0.0054477833095276235,-0.004133913507817055,-0.022785862113481957,-0.02127947050291361,0.001381051174325302,0.009201735361864211,-0.008825056964723417,0.021157095578468982,0.0017249534267432705,-0.0017518154679375814,-0.01017069451852002,-0.004415138931409102,0.006951634470599995,-0.004756738193173654,-0.006141914018885829,-0.003913567846757907,0.003217308435196242,0.027666834172039294,-0.004510707468375202,-0.008149160185222236,0.011636295698237722,0.001528667337450558,0.004411477064233071,-0.0011764802866394072,-0.014565526368678576,-0.00022136623802329614
2025-08-19,-0.006758308853303516,0.003684092240250021,0.0005388034902800987,0.006945689677484625,-0.003995936442655425,-0.0008823253351834884,-0.01567575934045945,0.013462057034225823,0.006062865477916957,-0.0014186887117870126,-0.005158456335984621,0.01112153864633545,0.01389704381579512,0.01036902093869006,0.0008020041504473718,0.03012502542167798,-0.0013049557502227693,-0.013517636555118874,-0.011982726976182571,0.015209358336996541,-0.0016528100739061288,-0.0022194851415328135,0.0003989717253878866,-0.0052604550669290845,0.011397550405827673,-0.009130198755445802,-0.004748190837086705,-0.014440599281094466,0.0047923925826378055,-0.00485131885423528,-0.006598903022573641,-0.03556180540981201,-0.006838682253210028,0.0034654176595350084,-0.004495604960939079,0.020120768585620067,-0.005745112008776275,0.007355370654073285,-0.014432650324846842,-0.012008113436928834,-0.026970003395137623,0.04215812765908594,0.015441567722790869,0.007412785636553624,-0.022325348112255144,-0.0329044385517741,0.0022181893883821933,0.003708602760937988,0.0071340000654069625,-0.003915857137100194,-0.005339502129061063,0.01063996495589915,-0.007123109775046814,-0.008292011738805685,0.01087145807898162,-0.016963430279498024,0.0023304600446529336,0.016605255581574843,0.002079951300142994,0.0039025174848216423,-0.0006521062173352951,-0.004378046702004333,0.0026793768693081886,-0.004773187450013754,0.008461743824721632,0.0036517684607451605,0.012498509271127903,0.002260475914776964,0.010605749252180035,0.006159214055482594,-0.011121174738725044,0.0008887694610743846,0.026393380204029364,-0.010575121123667965,-0.003406500968520139,-0.0020539798053155756,-0.0024523081807733896,-0.011185546525807138,0.007516035808949675,4.974805954890971e-06,0.0104161805072553,-0.0037929811977039027,0.02227969060092995,-0.0009320435962978935,-0.005537533325308049,-0.014027398006271063,-0.002239218490221795,0.0034473777266856957,-0.007322244768692844,-0.009534065950892734,-0.0012750869675565088,0.024838528125882678,0.04851968934907662,-0.011265197181547164,-0.005410139218653215,-0.001131731732200221,0.011351668507258137,0.007249111983535107,0.003275406718059478,-0.01509009721669085,-0.00010346814456173303
2025-08-20,-0.004267560044925116,0.01347283855101477,-0.009361442970050766,-0.005443116424853622,-0.008360645981109041,0.013457197012940153,-0.008511161420146629,0.020374201017343663,0.006466842099588487,-0.007658205829063354,-0.003740023448870332,0.011682234830265835,0.018087663575022263,-0.008708603005202924,-0.00037273108773448055,0.033577350442546186,-0.0012478714794923462,-0.008457913547964067,-0.006165360774729969,-0.007474932217028912,-0.0011743210891701772,0.002449728691177752,0.0031952507750585453,-0.007570157224105617,0.01634904181005879,0.0006208255735658599,-0.008978577214331734,0.00148022061852204,0.0017017731328891166,-0.006475117644902356,-0.008569411613347205,-0.02870083980164083,-0.006295685877653737,-0.0010951884262523498,0.00131110653160069,0.023351441816798196,-0.02666448242973648,-0.013005683767098139,-0.011618174141730386,0.0058137087049312496,-0.03373333862063806,0.014050498248841109,0.00404232387961477,0.004343394596246976,-0.024123916895911167,-0.03227622825884124,-0.003950261120604134,0.0042925960170279755,0.0028651541358176193,0.006410806515467122,0.0022792754280464254,0.001376735162926742,-0.013863529703430813,0.002225854647835649,-0.008428850221484957,-0.009753142058419824,0.004409999001142178,0.023156245429283406,-0.012072120416132544,0.007876249699054729,-0.0025214729223620794,-0.0058018807272115225,0.002369401711572766,0.002242974671174819,0.010591475992144599,-0.018919293193053403,-0.0015792940263645097,0.004161098255975194,-0.00197178345264834,-0.008784838378590329,0.014773631307163596,0.006003885075452506,0.006731599124340161,-0.0072950222352745064,-0.01118091999242412,-0.002192115899246276,3.0509044813276098e-05,-0.011262313788940714,-0.07343087394617392,0.0018600399041419705,0.00770081309764847,-0.0009414530278846964,0.015076617213796911,0.003072086094807306,0.0065137895441046804,0.00371549608848001,-0.001971763515541021,0.006403155964163795,-0.0012011987697109205,0.0003249062666029548,-0.005760967388579716,0.0014588228362954411,0.039897262536108986,-0.010972258080374518,-0.009417095995894582,0.0010693861751000545,0.012139597876817686,0.0008180876240996351,-0.0059149464926410225,-0.01307560848683996,0.0029318647479274866
2025-08-21,-0.003501870611680516,0.009861447277070563,-0.010987101797093168,-0.0046333176543958965,-0.003880602086393063,0.013269532599936518,-0.017325002890163324,0.02226542034075274,0.007816124469057058,-0.0014350494651087162,0.002067929275056637,0.028928832266095265,0.01968354484873952,0.005447466122760855,-0.0007325288720599968,0.011504774506244184,-0.006266513569397364,-0.008510919704671945,0.005757183297318842,0.0027798946619706708,-0.0043105563031195435,0.0032562124273275567,0.0006171584298387406,-0.00899078354384339,0.00343251091544838,-0.0007636224364051258,-0.0018125852179392485,0.009942749081891446,-0.010383204248306722,-0.019062497211049044,-0.014451786876702705,-0.033521201732646104,-0.005672850981122732,-0.0031568000231576507,0.004100667873056345,0.004688215883075268,-0.009465879811581424,0.013985885335335495,-0.01336700579175406,0.0020723987060617503,-0.03293490481856643,0.01595494777522581,-0.010060656126904884,0.00550272989864526,-0.010974330836601029,-0.03443907621269219,0.0008791834853509248,-0.0008112717645101242,0.006126167377284199,0.020170395544445708,0.0014120486723635355,-0.0025113910520218607,-0.009670180377875266,-0.005033906895381496,0.016692218669012562,-0.016235557301240017,0.00662847564752388,0.00837906738990208,0.0007750523589281841,0.003978765158180457,-0.004506433740557085,-0.006272576010514917,0.003530598887300347,0.0012100117035728844,0.011504731957013438,-0.020608502296856547,-0.0005461950827459969,0.010746482815724379,-0.0018705519438193333,0.0030061994882607766,-0.009710529827386898,0.0034132278278143913,0.008584460060442493,-0.01031253393511175,-0.012591529942999245,-0.002625162694345866,-0.00035135222410782874,-0.007823603398003635,-0.06155430789302487,0.0023504957651932328,0.005374681657982237,-0.0017967063885366008,0.01108711482819344,0.001311837317471469,-0.0001991792015528862,0.001978306135683127,0.002756183606638738,0.006361997811416845,0.008619478421291533,-0.002718081132613244,-0.0065743781578634156,0.009424024187439983,0.012467075256385338,0.010571825072821821,-0.009733647774805461,-0.004900014919045702,-0.0018126230127336884,0.020686943483969225,-0.004438083540421113,-0.017643527893787085,0.003099822278056146
2025-08-22,0.00031441845020122733,-0.0004380079839258963,-0.0053390648570381255,-0.0038407269058609167,-0.002584455764979017,0.011739336407899145,-0.013413176201314062,0.014538941577933787,0.005478627785319608,0.002802474547376147,-0.009278757924905304,0.03837721163116765,0.025347818066012495,-0.012908542495180586,-0.0023535202108638936,0.03909496041634902,-0.012307669742318075,-0.016796522041826738,-0.0038761455429524166,-0.0008087298976180365,-0.0004338177832142326,-0.007791222923471591,-0.00036206771466330834,3.030530994458519e-05,0.004200828055432912,0.004884494206623798,-0.010709476361846014,0.008188267592106089,-0.00703638351751476,-0.013735860178173555,-0.0014955897643638832,-0.003102865626267451,-0.0037608688434239562,-0.003027583239276814,-0.0032422517291192388,0.0029546128645236355,-0.009264418398426913,0.006230502272960254,-0.011625360304788612,0.00271858522619944,-0.02596561968680583,0.03129322449137967,-0.0011444555670950748,-0.0010444004890918235,-0.0028169907167159836,-0.02001188705568971,-0.008656840437981095,-0.003842897384893025,0.008442976581412635,0.018335166126131307,0.007796073585155428,0.003755590273755289,-0.008144943230182243,-0.004791464816698586,0.0018436228764093406,-0.0072489938556141165,-0.008813436771514485,0.0073561214013279815,-0.004408064405606017,0.001936402595887253,0.0008934161358195372,0.00474693939681128,-0.007927189450551216,0.008115740897082401,0.00955850363453388,0.0049018579495806215,0.026497627692421474,0.005242972007656468,-0.011697869870597975,-0.00901872412971294,0.0043682672300704994,-0.01451162092101322,0.021154459360950898,-0.013232864615198459,-0.012953211298040342,-0.00186047874851418,0.0001504832835335576,-0.009599827334657772,-0.022895990684046526,-0.000615214183854601,0.0014157815810857607,-0.0015680787693680698,0.038140642496181855,0.0040775469917253455,0.004090458338153271,0.0032395207352915144,0.00766559198185748,0.0024451090385931885,0.003498559928200501,0.00670060621136195,-0.0060030663746767216,0.001110285403710408,0.021889682335013077,-0.006615526262137551,-0.008709771294718428,0.003736691005225185,0.013451984063755484,0.012303383701162438,0.0019102912156413916,-0.004583045814175152,-0.00017724532113821273
2025-08-25,-0.010369273189878125,0.00963162203382318,-0.004288657378951892,-0.004759101493986,-0.0032295571246673746,0.009152249692511372,-0.013789591060540382,0.004924013309161326,0.005443464886298498,0.010586083529849192,-0.0077169774248253414,0.01713164910660924,0.025618945976924754,-0.0027009516951104276,-0.0021646603363136147,0.007125244100441755,-0.008560652167525738,-0.011871426146850148,-0.0024710850450321495,-0.007886716145346848,-0.006156783281322797,-0.009308522680881628,0.002106019612903222,-0.010107566839259702,0.0037312545477267214,-0.004356986497963268,0.015069006411940464,-0.003971602963870453,-0.009288549486978825,-8.949911160778534e-05,-0.0007519162945046898,-0.010204987630430346,-0.0041135149432436485,-0.006185315777197754,0.0025010729193572986,0.020970519841250757,0.014310678408248272,-0.0018119283524531127,-0.020994499892268356,-0.003434495452121683,-0.0233764019717042,0.00957992458685207,-0.00376672478996478,0.0038311906890780914,-0.005361740520751092,-0.01388315513748755,-0.004661313974952883,-0.006154179078094631,0.021183856771062673,-0.00014091407310681814,0.008639917670408313,0.002840172644490796,0.032329123104186674,-0.006518988936354039,-0.008705803020592477,-0.016606210527071993,0.001209584097121727,0.02388094694947185,-0.009141516128344018,-0.01090708470634421,-0.005327258652317125,0.007801796488841096,-0.010497026815348004,0.00486012375991466,0.008134916969457784,-0.015303486579561099,0.00287124855287868,0.014154601802655611,0.0019913469056891606,-0.010952534516257384,0.004821875140303966,-0.006947225768180305,0.010794759030949716,-0.008484069314087413,-0.008118312808267837,0.004361479709060118,-0.005306008639265107,-0.008948440373045992,-0.013437351572747017,-0.00121602261795338,0.0037326388923783413,-0.002295677163084091,0.03157155112232741,0.006108520582925457,-0.010226284236850236,0.006191077198613074,0.001270577065349228,0.0061960643784202685,0.010090438363773671,0.009975960243715661,-0.00220327727298026,0.010742472096767229,0.013769663655686305,-0.0018060888620748117,-0.004484263566855377,0.031417807367884125,0.012866411382532549,0.01033118711679205,0.007225087132827095,-0.02206854575975778,-0.008118422152136873
2025-08-26,-0.007256507878674101,0.012535035351953328,-0.01423852538947197,-0.005604034406877352,-0.004271184228317543,0.015137064374392838,-0.014812380245702167,0.015396875906818167,0.01051904736308884,-0.0032506898320637384,-0.013978420905049915,0.01735463849169264,0.00963565504999337,-0.013107034278530945,-0.012781424772683382,0.013337356910879242,-0.001589021308344686,0.005837926494511116,-0.007542454532731002,0.007498650567049129,-0.001997413531324446,-0.01824497126335934,-0.0030708051513583176,-0.0007775462054036633,0.01648296264086358,0.007907663201956922,0.017657860936524127,0.0001518181466044627,-0.007113317632655131,-0.0004892367070376547,-0.00126475003470531,-0.003300853395539864,-0.003946645571658199,-0.009674453068462888,-0.005947280002272827,0.005747827063850651,0.01261459320645458,-0.006657676222250185,-0.01327834802455427,0.003439503740788802,-0.024999210759088508,0.032817404483142985,-0.0018769411011579085,0.011156425028849136,-0.00634909633936824,-0.010019442752064893,-0.0035534653090297796,-0.006345996026814758,0.022087161726911296,0.0051736397198615496,-0.00086872438471855,0.00535597973275093,-0.0044564609403129896,-0.0032543886763648847,-0.0007957420056951686,-0.016262020078086123,0.0014237496327161106,0.011158586469189276,-0.007702188961985282,0.006191213948817255,-0.01006270798171982,0.002302007510786387,-0.007972512284793565,0.0020904738483196184,0.001661548449895349,-0.010868455555414547,-0.005596539917148889,0.008561090906739316,-0.004763545265592244,-0.008162488554109129,-0.0016482340605162293,0.006193513513725525,0.00391792630116309,-0.0129787908691332,0.014680148868860071,-0.004552917502533532,-0.0066190766089399555,-0.008148301879837526,-0.010120740763066384,0.0032477715984009503,0.017086111961094073,-0.01336012722448763,0.013893751480099921,-0.01021064032257478,-0.005599249283870601,0.005775161141290723,-0.007605027750397356,0.004869598243866333,0.01560591376487307,-0.003536577374447153,0.008484640526615225,-0.006779042923228451,0.03525678626641979,0.0030783067741275844,-0.004225715739414694,0.01640980100601848,0.016680255544786905,0.011710199098193916,0.0029193388463259404,-0.014900823361786789,-0.011784332784397514
2025-08-27,-0.012076189443533475,0.0022345847224952073,-0.006867400438052923,-0.00634339750987261,-0.0025805082628417367,0.010410222476340807,-0.016630502959716936,0.00580223172677502,0.013548025403761876,0.02297475043572819,-0.007675394948681295,0.024569133744811848,0.010258334365443489,-0.012271661996184464,-0.014195839486514934,0.025216118952876062,0.00027126307783724435,-0.009325125883320295,0.0010118037237071068,0.0045727285951302765,-0.010162397367125375,-0.02470724861931388,0.005682385890581985,0.002576947859044762,0.01814020797982535,-0.002683569383717027,0.021228312251599886,0.0016460251128086398,0.014284814182684138,-0.01677533493206501,-0.003115581730592988,-0.0041742225865842655,-0.002905233698326133,-0.01132310732793327,-0.005771292491274456,0.008840691249903769,0.013671737476005436,-0.015216761221778605,-0.014757305643328777,0.0008777789122221893,-0.028230701094201817,0.008541185481742132,-0.0011420911084465413,0.008016165637613225,-0.002006025585409757,-0.03221878020635766,-0.004190444906902888,-0.003109593350706659,0.013987546231128675,-0.014723881168437883,0.00781585481103059,-0.008341892114761551,0.0016027629182461534,-0.005928198663157164,-0.008291755502399543,-0.012575447790050834,-2.8750016309718462e-05,0.010264987061278149,-0.010117311087491261,0.004267356437220614,-0.005467422000251333,-0.005108490869772914,-0.007874163717097704,0.006193114937723992,-0.002037254174153645,-0.010644852882837105,0.012828151674998851,0.008850668369127394,-0.00624899812877619,-0.008033452277913758,-0.0005171458061422607,0.012722162331027895,0.007009087440171261,-0.013704135950279597,0.015482297087945095,-0.0046058172085499255,1.292499999934471e-05,0.013505500521040263,-0.010295885958490243,0.019260863464364085,0.012294920951067406,-0.008132069865237644,0.018262142146318865,0.00864833881910318,-0.010613219127445159,0.0008227863219053902,-0.0048227962987654055,-0.004773366246508287,0.0019873219566651015,-0.005299385180935132,-0.006839081421065887,0.02416440979352432,0.03842022692261492,0.002446595513983206,-0.0035169175705640557,0.01973119255122966,-0.0048082858701075926,0.006795304849651278,0.0032011558897221473,-0.015417785969641384,0.0014411629697864345
2025-08-28,-0.01225549804775318,0.013329450534631894,0.0005497285146585304,-0.013975009477199068,-0.004088140693316714,0.008481118549615568,-0.0006253942175520125,0.017152980058147124,-0.0014566204783188763,0.02462682102853576,-0.007097431209661546,0.008313728809423406,0.01052496314706871,-0.011354131368828617,-0.014622320218714402,0.011016176791912899,-0.003102565258366108,0.02029306273554796,-0.00709929039881925,0.0031063391277068864,-0.010265386432095638,-0.008397230238134115,-0.005914165482604525,-0.00029327935706247726,-0.00039370195859689955,0.007921084452647529,0.017228379958855095,-0.01057379428025508,-0.0014107095760319613,-0.0002173331611583229,-0.00526087853251464,-0.004263514180598761,0.018518440050977733,-0.006250675441552382,-0.007105231766191419,-0.000883742559964748,0.006802408037766598,-0.010867455852954448,-0.012139397555152982,-0.0021587520061428778,-0.027911258344667296,0.030418264561337064,0.0022907146492211414,0.009305349595624408,-0.004278551994456335,-0.021405945171682546,-0.0048417093289989666,-0.003261309895071056,0.022754233925299665,-0.0064652899034376154,-0.00047958145233414906,0.005541257356771651,-0.0007863246004116559,0.004229974164521831,0.004262275676144539,-0.012502079031389265,-7.022389091231734e-05,0.01353322342989316,-0.010603118333935048,0.0044543184518773885,-0.0027816558343140077,-0.005394500040843547,-0.007711819704211677,-0.007306933642666477,-0.058713480279016884,-0.014889455397740003,0.021269468294519117,0.004415162085285695,-0.006359729999108013,-0.01645457988282782,0.0011605764553875159,0.012790721017292655,0.01385645006003039,-0.018212929217252455,-0.018799676478246187,-0.00474603460615633,-0.0113827635784911,0.01626517894736103,-0.01007297215717639,0.01787341209764369,0.01123977634479418,-0.012608449969995168,0.007675818431088763,-0.0009445634509602577,-0.0027181352195185873,0.0007919072677369382,-0.006419941534807655,-0.006769147751574993,-0.00535516179105671,-0.005650899370911178,0.005563080058335362,-0.006210785965127225,0.016247504284940213,-0.0006407732739552724,0.0008519661851375607,0.032615514983373554,-0.004262344476145756,0.008891083655113988,0.004722592949768005,-0.017212122677727315,-0.008396325278691802
2025-08-29,-0.004070183394034317,0.012946597661473179,-0.007833729907227034,-0.0036257087264377763,-0.002932147719699206,-0.006759691958647271,-0.00469778449129938,0.034269186438935895,0.008359855483986278,-0.0039911294663178415,-0.008481410207221804,0.02022478909706856,-9.913980696697744e-05,-0.001534791585182993,-0.004031180945724279,0.028264087340408493,-0.009734551105601376,-0.007952135680843145,-0.002608770804455783,-0.00037606083099830934,-0.0001796649838749359,-0.008120873531390162,-0.005844043988600028,0.0013391849329824693,0.00023009782116870103,-0.005086858106020338,-0.003758337720117716,0.006009899173861605,0.0037416800898259633,0.004262486564293115,0.0021756039617757197,-0.004298758262122844,0.01581869279087708,-0.01217895416491234,-0.00474524450693449,0.011041342756127191,0.01282158622762412,0.002747684632720779,-0.01195771628004414,-0.01372369037970906,-0.0329741655532216,0.033317452869444396,0.004875056273957387,-0.0069294698989930265,-0.010172171869105379,-0.021895030613178636,-0.0044370579707754265,-0.003304972529565006,-0.004219086054658969,0.008571479701058003,-0.004919954715188836,-0.001100145572498712,-3.675024740890098e-05,-0.00030680663530224805,0.005616599913497625,-0.01491525933415834,0.006030742906017732,-5.268725132352714e-05,0.006718039729710423,-0.00586874801071767,-0.0051645944008637465,-0.00212479636302855,-0.008375455091697626,-0.0066731903438740844,0.025459155447608087,-0.009851457603843969,0.006763396897719154,0.008668778102801589,-0.004642523145188086,-0.010060962732386686,0.0019978312171582482,-0.0017138913693029167,0.012223432128590027,-0.00302983346663397,-0.02224420133532231,0.005065238491676373,-0.008509505988879743,0.02685014222659484,-0.01798782564010471,0.015856987068713496,0.012001893746225761,-0.01130618196937836,0.02378163230592373,-0.002236996787539011,-0.008616316225022423,-0.0007075478137857846,0.015732153877627032,-0.007106879741593783,-0.006713064421257048,-0.008885039768769927,0.007797594589919257,0.042212730565035474,0.01463668644755119,0.004807126244372566,0.0004478009360157076,0.031884726701855416,0.011691071315038458,0.013927053187684293,-0.0037348356050605908,-0.0014283424996757096,-0.021069677550462657
2025-09-02,-0.005226226657574731,0.01710476369996634,-0.007380818072424744,-0.008304234342045587,-0.0026217270577330934,0.0033710989768917093,-0.023220184031709806,0.03918312907716577,0.011202866273794763,0.005911004109391153,-0.013920330328296995,0.017004406162114127,0.013194225350990213,0.012895363459166004,-0.008587149428595314,0.026676953559019247,-0.007947106538447983,-0.012104497116637816,0.005959457466278802,-0.006253060419830356,-0.0034667986895135783,-0.007183251673982635,0.004795228506368439,-0.0036450939809736585,-0.002077740648898145,-0.008377026810799819,0.008466543331202586,0.0024821429233361017,0.00044646411556689,-0.014637565720216003,-0.008591720193163142,0.0016550057051394756,0.01721482469979524,-0.007286192099108912,-0.004340630305949,0.008191734099496806,0.00504355309412733,0.0028792964725321557,-0.017333137776128174,-0.014101839746560138,-0.032065950055088305,0.029351429484011905,-0.005090799410152572,-0.005007785820110244,-0.014590280783825293,-0.017849173376380006,-0.0010481333483343125,-0.001965395786842482,-0.0016980753267421891,0.004690709460465757,-0.0043866126071410785,0.018398145956660984,0.0019436069826171964,0.024984056946695483,0.015144206465643795,-0.01667147352076622,-0.006097802609704071,0.022500506145997745,0.0011428800194105138,-0.0030309922729983077,0.0012073420085856046,0.008916138538951839,-0.007524937053732118,0.00016045169839397355,0.03369826349460953,-0.008058302533241538,0.023878395424404907,0.0027344038266217605,-0.004677065853414833,0.006172745225413126,-0.004496592503693317,-0.007242878024559141,0.012065379327251692,-0.00403289827525434,-0.02635738308752486,-0.0014174933714836552,-0.008808489189033514,0.010064408512400647,0.010179616272915547,-0.004104819207015539,0.014896730808643021,-0.014167641535242817,0.0032330490105697066,-0.01152246503358239,0.004267619533714115,-0.011144469976790194,0.014351116677082353,-0.013858419825889326,-0.0043456705184866384,-0.0028319946971266247,-0.007578089753844636,0.01895648785256661,0.010784627691766385,0.0008051058373335571,-0.0010993458313748317,0.033924825836900624,-0.012496513519450317,0.01156297610060647,-0.008990408848527462,-0.02023494884208349,0.010586901295579848
2025-09-03,0.004691498963783132,-0.0027999930225355435,-0.002706726950995296,0.0017447781132767168,-0.003417398780272564,0.0029130797384850984,-0.025871728092742394,0.02066578169879768,0.004701059552533096,0.009383911972800085,-0.010960357238885249,0.01240193238390229,0.019393090118031905,-0.0029224183945270737,-0.00467580529151243,0.018996318179829594,-0.00426337145986188,-0.012288132457757298,-0.0006599970695740573,0.00011743787964550029,-0.003362793293641933,-0.007279740544204008,-0.0053802823006818545,0.004070508913565529,0.02558436058389188,-0.0075676578603883285,0.0024637543747280943,-0.007373793098993241,0.0006318490769080046,-0.013109811040484289,-0.004963462121931682,0.004328580693730065,-0.003936399627134594,0.013458976869050107,-0.010763471640274996,0.009397565598424015,-0.01853680209898395,-0.007105460606609111,-0.017102419523671017,0.0021417263795349,-0.024327663574875855,0.03586458541617785,0.008310066437958015,0.0044445629978228166,-0.013440775489881693,-0.005145580898558974,-0.005863809735486031,0.012465871683426055,0.015384428585019785,0.0062563377293711545,-0.0007065349996783141,-0.008668409370784141,0.0048988924971125405,-0.004506317499071752,0.018292958076667448,-0.014793021464837179,-0.00580826423965887,0.001459709616040479,0.0051254249308559305,-0.008560919737202383,0.0009049252535833913,0.004689508440124661,-0.006431816136133112,0.004489434186813621,0.008646707497839488,-0.010645235268702605,0.004253911356576955,0.003531588065550449,-0.00936008704587897,-0.009358483188092827,-0.0032975699708238868,-0.00939180876162117,0.017661261352674706,-0.005512310212014107,-0.025971087357381878,-0.0014195472779639368,-0.0034719443073558953,-0.010122543731324957,-0.07406142391457667,0.0047126420894985435,0.00444162529896662,-0.006235056234855818,-0.005040317541302311,0.008648746572051537,0.007677852178928635,0.01704065643326606,0.01252527044416589,-0.01473945046251715,-0.0074673657942780775,-0.009649027272453863,-0.018830962978721735,0.014273437440500178,0.018478522155049335,-1.7836626554565416e-06,-0.005727682733692216,0.025294502754722257,-0.006644778013243036,0.003104853392554438,-0.004910530715724892,-0.02055273105905575,0.0027987785629481343
2025-09-04,-0.007559583883870603,0.009177281833101868,-0.016580621400461154,0.007158954956926512,-0.0065441494585035745,-0.00042471053952718857,-0.010968398652664031,0.01659385858776026,0.005512018857833471,-0.0025576509170073397,-0.006821414035953127,-0.001833001059848155,0.022729025960554552,-0.005062517280557011,-0.0027821815141487183,0.01752208614258076,-0.002943744750425213,0.0013730916171594831,-0.006274948691564884,-0.007264193502882696,-0.008264982839528326,-0.006946251657660205,-0.00016542029786691115,0.005228802021592448,-0.0016576118212015475,-0.006975404749251728,0.0031083878763961403,-0.003942053693391519,-0.006189931058809425,-0.013768906301395996,-0.014914126723003532,0.0008821318508925383,0.003300370256847533,0.018822489718338584,-0.011804825056843687,0.00906875544682089,-0.013938189748972207,0.004210187360764117,-0.017746964305488652,0.01039409035299222,-0.0237688896460079,0.03266598016424728,-0.0055342693781879615,0.004616635839610146,-0.012314307681090486,-0.0024088101624124975,-0.003264069258302929,2.531847468061066e-06,-0.006647814282203887,0.006469198013547679,-0.005204415727596286,-0.008838604617017867,0.003572860217768953,0.011360056063931583,0.013992817007753344,-0.015168377559081007,-0.010315820134984159,0.007426992754695584,0.005604065928585512,-0.014898244615737175,0.0027304219497160387,-0.006157449138035148,-0.00033468403403118935,0.004006710554299131,0.02438817858749099,-0.008362703313864614,0.011558681477639436,0.0028678098676823346,0.00018854950077016458,-0.008141729885530628,-0.006431888110262116,0.00949062182617371,0.00010561904464096578,-0.016230424736227524,-0.012165408895276321,0.003950845634843991,-0.0016734104443846959,-0.01024316533389949,-0.018790908725841993,0.015598310293302841,0.005480370238434042,-0.012709001948080015,-0.026108777864181143,0.003863089212824168,0.005963969863474375,0.012922392956160003,-0.004040402657405649,-0.012422085496956156,0.01880399083474053,-0.006223800335730799,-0.019397387730938742,0.023107980838219258,0.03083953139858654,0.00024393480288218555,0.014452865087604544,0.019236434169924894,-0.004312614739985829,0.009334413554043366,-0.003085424874889893,-0.02124672541283526,0.006798204526029396
2025-09-05,0.0026897597097976997,0.009290115051985716,-0.009828272286293821,0.006663898956002598,-0.0052427660108103555,-0.005404337019980589,-0.008534160894861371,0.008029658378128107,-0.0014774111658023004,0.008696711871596007,-0.00510770227035813,-0.0013104700040566658,0.004105255203353551,-0.014100053671648967,-0.0032304172115578955,0.014997879779581391,-0.0026173976339859753,-0.006679378563760052,-0.005050331359077349,0.0033637698557109005,-0.0051622541588313,-0.007621812644595952,-0.004871694872719767,-0.005784474736368256,0.013370735836446102,0.005839647250500193,-0.007762136480825278,-0.004263365637887685,0.012396312237474783,-0.005461426906736448,-0.011724453746741956,0.00754296054018689,0.00023505146852129816,0.0018432625554763438,-0.007243092649083363,0.021833746630503678,-0.014081010685931372,-0.003584666585591624,-0.017742829558881845,0.009500713930564765,0.00048692305600995384,0.023593517670404622,-0.005363585023608897,0.003171607318172176,-0.0005824199016766785,-0.004463792617936627,-0.0051733427026062345,0.008256308629038374,0.011799947530494986,0.023321959908223798,-0.0055632835417141965,-0.000609045824593632,0.0013128437725245592,-0.0029615837903897227,-0.0009797973849453717,-0.012657061282906314,-0.00809616541403442,0.004131302951985931,0.010843833816290303,-0.011561019488636547,0.0002905254437607016,-0.003871416894186075,-0.0005779426289299339,-0.0013243848964172716,0.02296353361396103,-0.013959502886427284,0.020491111602307082,0.004096292517929881,-0.010590090454767692,0.0017707958537400564,-0.007798123635664414,0.004956455712001824,-0.004685466567894973,-0.01448770088001846,-0.01075091483879325,-0.0025043680644818433,-0.004424919454791662,-0.007161252508376514,-0.02075312048643778,0.01192473851753064,0.005531161620795942,0.004849842388448378,-0.026140794895997674,-0.01123174774202964,-0.0044010054536370025,0.019512145017729143,-0.0009086162014550134,-0.008479756603625183,0.015046578454151648,-0.006088057868569939,-0.0012177613727597236,0.021379821345563446,0.007859224882942502,-0.0002241756079372284,0.017462644838657476,0.027024520106669468,-0.0031859787742181747,0.00462651868548198,0.012582820196725214,-0.019656893780371165,-0.005432603342519882
2025-09-08,-0.003467986928322779,0.01084391639504658,-0.006739684278206204,-0.0024561007765086657,-0.005913828444480122,0.0023668814042880695,-0.009901055429476342,0.016121253028700613,-0.005194338287757533,0.01706499848387929,-0.00998530602200795,0.0012727694004206341,0.016287753573288943,-0.018730574868742966,-0.0019473075062019923,0.02906566645372331,-0.008727849059274283,-0.013321399348353621,-0.010432272205749805,0.005662684889082191,-0.010630998314722563,-0.008596934303045839,0.0012586646814794697,0.0025144102927731962,0.01688016172421628,0.005873544353969508,-0.008122713066287653,-0.0024100433359517184,0.01246664113793891,-0.007077270610712762,0.003308167743783827,0.005993157425605682,0.013431319399631533,0.006564637477846379,-0.011148086735460111,0.027966865707719144,0.01589918772660815,-0.012813607927855249,-0.014266620651490057,9.20564735881757e-05,0.0007656402198250103,0.008391035655648603,-0.014773035456546332,0.003546300696722758,-0.002606918343524847,-0.0024858207725555886,-0.00336372622968302,-0.001218079896887693,-0.006489684394395949,0.013025448392970373,0.00497686221217207,0.006604130805658297,-0.00589295561819142,0.002310862475517532,-0.0007570972171798279,-0.01772660990541,0.0025106983132857363,0.0011031252600071026,0.0056767175018896734,-0.006934432114838428,0.0024238219563986196,0.0008488874682871378,0.01177426052922502,-0.0025128634448943893,0.016038226510007678,-0.012142417308595103,0.01839525632426248,0.003252546858132657,0.0001659366674398241,0.0007557837292886255,-0.008350426523132351,0.003081638045602769,0.031807526520514814,-0.01966859117219913,-0.012135767383527847,-0.0023625216472576427,-0.001797390155610909,-0.007532426758939559,-0.011398623208291644,0.022506786190435186,0.0057845587342763224,0.002521772362392427,-0.02689775386440696,0.0060339210442110006,-0.008534068435678818,-0.0007198086744596016,-0.001404417880758159,-0.002872027816618758,0.015185209970880301,-0.0005238346965008578,-0.0009394811121415658,0.026473914733545177,0.00870566894208525,0.0058629258731660305,0.014273094291084837,0.016775274270978326,0.0006145744043380766,0.007888288042531472,0.012697504564627676,-0.019418538141472916,-0.0020940746397056786
2025-09-09,-0.003752536642537309,0.007032576307269535,-0.003512930578476417,-0.0020456869197198954,-0.00913313791430103,0.005013483249417423,-0.019962335452559897,0.011801736619802404,0.013517126028839706,0.0008242025260243382,-0.009358891262046316,0.00010053888588588272,-0.004203961737150548,-0.01511472837690616,0.005904291006702769,0.030131433281506755,-0.005392737954264516,-0.012948897464156194,-0.012478358984292857,0.0019435267213978244,-0.016134031162011946,0.004636391879010951,-0.003997604354929761,-0.0028092581967514157,0.012712821756085402,-0.0010354722312966094,-0.010120820744501026,-0.0009446064554731182,-0.005582374619803675,-0.012902296979778537,-0.002296911554329685,0.0029145220205775355,0.010095070091052427,0.0034328010941333184,0.008639591570010409,0.010288053278443086,-0.007171237121481634,0.005526175382895723,-0.012059019479347795,-0.00430559934664556,-0.0017628473865505256,0.002879912086439382,-0.015300392438687548,-0.011444007178107111,-0.014438714518087932,0.009124229731646796,0.008108506724759164,-0.004280224853728233,-0.0009329196734390102,0.01865301060745001,0.0027339527911127634,0.0044722137422132865,-0.009227086599178279,5.739428893854204e-05,0.007071993506328519,-0.016613768746157463,0.008753745404075662,-0.00141643926539025,0.0019498885323681048,-0.0060428087978793635,0.004059545721300885,-0.004140573083029481,0.010349604659976946,0.0009231575278355261,0.025273465504161347,-0.018480130206818678,0.0013466220274395216,0.014014038006443873,-0.011846172521927968,-0.005627296413883799,-0.007035835018030505,0.005334761295909762,0.028131246993502074,-0.0150311058452108,-0.010486268450399634,-0.004388371816311194,-0.0014871220813216512,-0.015305540763242843,-0.009406117908272164,0.006896382427876234,-0.0038321354536105245,0.0003541764760145519,-0.026135763137458808,-0.005018424501870962,-0.011354031060672752,-0.0008751410211539287,-0.01365199650047779,-0.016970383838858398,0.0076076930790641775,-0.004600015086809829,-0.0012658057063682018,0.02367922384824673,0.002539522531610827,-0.008365626739712452,0.013901373843102735,0.01800524990155438,0.008937549868972203,0.020233875710540812,0.00879723111330185,-0.018520903901176354,-0.0018027781655107558
2025-09-10,0.010200031031929686,0.00784501822301191,-0.00046336147268483813,-0.004778763717223307,0.0034178282609763633,0.010204992947945718,-0.01596351417637539,0.004120702678209333,0.015618876191795104,0.00229014542756166,-0.0071737069935223705,-0.0016580877866020846,0.009783807162372517,-0.014229858765342933,0.005505890221661668,0.02025084136178216,0.0039052137224045436,-0.007948741119279616,-0.009793310383605223,0.005826480742486366,-0.010839371369818253,0.00997860248218313,-0.0013878016520461611,0.010234096131539042,0.005160021688524287,-0.0019059814111131237,-0.007808371760638248,-0.012620898684976588,-0.008920616551755432,-0.0035587563547739218,0.008080449054518692,0.0035110510798021105,-0.0072716805715700925,3.743837010292822e-05,-0.005696761813683136,0.027834241643386107,0.010255984285760494,0.008430376331049823,-0.014256214060276322,0.009260507106044667,-7.687056250385571e-06,0.002245700532853369,-0.0040859866811178425,-0.01057421200591322,-0.01320119836880846,0.012499375700924131,0.011515478282311711,-0.004057651698874697,0.0246542991208462,0.001399562081203655,0.005073752888740186,-0.0038345813607574483,-0.010786208187331232,-0.001580134348911251,0.006597731505880895,-0.013971505399358923,0.007378948750891089,-0.004638595396666424,-0.0018589146522264843,-0.006092440923081428,0.01055810266501158,-0.0019719625967132906,0.01366134125590461,0.011812283521152885,0.021423283267145425,-0.023239023616324815,0.010422666197538254,0.010253548203758782,-0.012665236266127054,0.00755425375654864,-0.007606188371633314,0.0019558014501209683,0.01914380755338404,-0.012032624165122068,-0.010896262603457184,-0.0038976521373944514,-0.010011368536432662,-0.018038335875879587,-0.004008789752400592,0.011918110638406927,-0.006773395870298009,-0.00871648180990519,0.02080677958844964,-0.004519706301892766,-0.011703643241760243,-0.00023878250772412651,-0.0014117704584861238,0.0007357784359074346,-0.00043159077497555154,-0.002626531789089677,0.01291416637818376,0.03531035291003018,0.0007357784359074346,-0.00885976233509845,0.011686357014357197,0.0016495537133594182,0.007659522294577295,0.018097914145240653,0.010873063752549365,-0.015325424483739546,-0.0034334908698744684
2025-09-11,0.010793259880407753,0.006456169821763301,-0.004093601817336041,0.00013920348421502665,-0.007894298661561681,0.01630264986830797,-0.015617372128798317,-0.0008494123138054963,0.024811619055161105,0.0018705652668572284,0.004035353372486505,-0.0012591342048501805,0.02043892641791791,0.007944342926949365,0.00399938932069098,0.022599126281998172,7.136279977000559e-05,-0.006340899679527064,-0.006884757748685126,0.007394122866988741,-0.009814270453827954,0.015081627127740443,-0.0020205962741945763,0.00828301223316686,0.00040421038847939655,-0.00042656405594449637,-0.010596750589475117,-0.013473590089637812,0.012026132398741833,-0.010195242046718227,0.01287718810175488,0.004483825903663585,-0.0011917981542340292,-0.007987481587193514,0.004951414042825342,0.002475875997492251,0.012863080396679695,-0.014453753530745413,-0.0146641790930132,0.001155074790735712,-0.0022153809468443003,-0.002999727153917331,-0.008039962707590033,-0.012368407139714467,0.0064266000899176196,0.0017986827374064165,0.0004120721585394588,0.0034967775770441897,0.02490885324217635,0.024502229448277506,0.005466718256827603,-0.0018209506427030245,-0.009348524221559622,-0.00129229421695113,0.006303078601917797,-0.017570756245748546,0.0040789737377014135,-0.00508219274167309,0.006084130619610197,-0.005646664121604965,0.012268885784058478,0.0034105494327373934,-0.0037995180249511193,0.0009562443131342427,0.02128972143733386,-0.016681851624739973,0.01374618155776048,0.007620293512511839,-0.022799951127484,-0.001681638028065792,-0.0005228456410471746,0.0010057324021765027,-0.005238979059302533,-0.015650174473127575,-0.01040719853539774,-0.0038227829877814715,-0.00877563304552003,-0.0050587427107305835,-0.011322293207856417,0.01985537637057637,0.0025462396641488944,-0.009482952344482591,-0.025307952674063945,-0.003832100743150414,-0.012928166787783586,-0.001957988537957818,-0.002796184615091936,-0.004239799561444484,-0.0035563956069484814,-0.002453207177322704,0.013148030567531895,0.01611643551695361,-0.00013729400656502938,-0.012603864785248282,0.008722268317228145,-0.004763579766101075,0.003200189650189443,-0.0012591342048501805,0.009125225457687174,-0.016183864473374242,-0.007202129647132079
2025-09-12,0.008223342032239407,0.01105894921110031,-0.006567505960368723,-0.0001671390113591395,0.0023312724750742322,0.012793428207345255,-0.015931595440260023,0.00984251926775944,0.02818019102372147,0.0016706427777800348,-0.009438549946613493,-0.0005982900841782837,0.00961280743702956,0.022600165076272327,0.003519015802602929,0.019257021858522905,-0.0016480915831270926,-0.00790903886164538,-0.010948455033782882,0.01821286442403216,-0.010356471780361039,0.001944671051762388,-0.002783679870160184,0.008015510958693385,0.0013281901659273065,-0.0006981527026977755,-0.009612242768955843,-0.011333262769115844,-0.002024364155014953,-0.007842669206005605,0.010433791566305209,0.005189033128780246,0.008677593851116251,5.92670755403743e-05,0.0062131212611531705,0.022712360459028372,0.009639938217276434,-0.005959169915154779,-0.013113254512865012,0.008030590235240255,-0.010412632201615667,0.0004118077733307815,-0.01131398849423499,-0.010632304957719406,-0.018272979940723334,-3.2583915769983374e-05,-0.0011449084076504135,-0.0035592826099284033,0.028143453520387374,0.04291293549310149,0.009608821672267683,-0.0028577509931248177,-0.011963244907600153,-0.0010251158614945285,0.008007328101333443,-0.016588855613710228,0.00354237127007518,-0.007229630936020685,-0.0020815031717452623,-0.006614479254547605,0.009292188355448934,-0.007907660013726996,0.016226354570523988,0.0047340499349557835,0.010851113759445974,0.0015429635749184614,0.005207747659906552,0.005538625175385427,0.008546383777706536,0.005238044926504891,-0.0045821075211456355,-0.014005620529917738,0.003966343539092164,-0.010680989458241884,-0.002498702722258793,0.0010985580121326347,-0.0021682515208318875,8.154294891832975e-05,-0.011370586063437473,0.009381483526058117,0.0037667952375548056,-0.00983785771094902,-0.011327945173387984,-0.011402951278707434,-0.007222426062403038,-0.0005803387210759556,0.004643771227970904,-0.0052267098773800605,0.0011135378260892503,-0.0020379336012174773,0.0052986679372928405,0.019554682635440947,-0.002860546032627996,-0.01199071737172095,0.009337661544505237,-0.00042170188336825704,0.0023884090959511786,-0.0005982900841782837,0.00912085833311125,-0.01763765768950242,-0.0018518593563360344
2025-09-15,0.006852372839915306,0.009497784414293102,-0.013991575725973267,0.0004116101878679085,-0.005831525401540853,0.011842297322444927,-0.015800212956356897,0.0016643973845217805,0.02523024532968074,0.00217581163263135,-0.004866014560690704,-0.005197289383318655,0.0052491595968524665,0.007917193747572833,0.004154717933681044,0.0252558401850786,0.005848200789368874,-0.003651831052243572,-0.014580416280151144,0.020117955421146687,-4.728049411057561e-05,0.009733524608988166,0.0014553043843404112,0.00549087673409443,0.004915035545549555,0.004637751884588981,-0.010361843700947969,-0.005856720903299188,0.022634980311221756,-0.006916471633394795,-0.001860517017967113,0.005761430837788378,-0.006718898311800885,-0.005383000476062404,0.009270630358902826,-0.007087077043184516,0.00759380047185175,-0.004253905977679287,-0.015532396482601539,0.007253239899450287,-0.002842551825483132,0.00023132953578807597,-0.007511702413899431,-0.0009338380410432515,-0.007439860491629903,0.006986378376255549,0.005677389312887873,-0.0038735984944958876,0.029115895377472414,0.022603283529596292,0.0087615883420726,-0.005970494124114649,-0.014402297997434331,-0.004184011125882368,0.007313666946879585,-0.012924502364419298,0.0033325716668430663,-0.007391990440592931,0.0005632928047004937,-0.015233280571889489,0.009588761902906855,0.0011065849119522783,0.001750351514967323,-0.0011636393758287858,-0.003351704434557512,0.01358928050909302,0.0021073631906767323,0.0069525700976103555,0.016606668224821063,0.005977908332799528,-0.0006274496665687537,-0.01333597998627966,0.02498810086553204,-0.011390060707907039,-0.010336645740033644,-0.0053619953987322985,-0.002400460539506155,-0.002662830221352809,-0.009809283960926334,0.013533287827287042,0.014485047007331761,-0.009904760113805124,-0.02034805092502418,0.0029981843688369897,-0.008205369120563487,0.004997399119369701,-0.0074443885191620915,-0.0055177978200516495,0.0022605540087673043,-0.009260481198090732,0.004190479054689951,0.016825548375715177,-0.003780530204566236,-0.012838077277197192,0.0032904224450824443,-0.003311000122904466,0.0029091122203899547,-0.005030166625430509,0.010841158665982585,-0.016789576604841268,-0.0003494548513423429
2025-09-16,0.0010221438448025644,0.005478354076882207,-0.0037200657045023816,0.011669578120400967,-0.010025383761828155,0.01953218813716847,-0.017269726709123565,0.004701259870758957,0.026473004214983734,-2.674367419343293e-05,-0.006594988193420678,-0.0014748361737387944,0.00662412373502122,0.015189617589446883,0.0028708328675220093,0.02246936179766812,0.0018010067851290945,-0.0027050700152655427,-0.005143534246174211,0.02552112353758689,-0.008245596167813715,0.02145494709277717,0.010919144876247386,0.014680947679589655,0.002318182423768224,-0.008000095394650422,-0.004942980396032068,-0.007600669850740718,0.0019015541596939106,-0.005293356213464023,-0.0011276542358193004,-0.011134390068800931,-0.002222510034512973,-0.010069085187830881,-0.005769679713862316,0.003964933593472511,0.002705723526431003,0.00385835445803466,-0.013716581305690867,0.009948156105446915,-0.017660845143811735,0.00776680447972377,-0.0134265351278266,-0.00341769887225081,-0.0025627180097384933,0.006756242444835428,0.005338881493892986,-0.010159712735036144,0.03177596375513213,0.038601341245352416,0.0030148589555946056,-0.0056881279260546785,-0.0035242701856796343,-0.001435292158059473,0.014476290631289392,-0.014559264845294087,0.007758488971705474,0.009631171605541798,-0.004833097528565325,-0.003527736386922095,0.004652629710265817,-0.001277995414006472,0.003170065992937232,0.002216558499434876,0.018443786297079753,0.005119050722821261,-0.013812746603117584,0.010551109997831223,0.010572985590570218,-0.002679382744420908,-0.01042745913544331,0.0010750578250626613,0.03097551515885061,-0.019545200450060876,-0.005944288790172031,-0.008684116236578249,-0.0062448614392626445,-0.00894011031920909,-0.009000917909585807,0.018703242783981527,0.00646892705228011,-0.004229673363195602,-0.0169676758511854,0.0006990435788686369,-0.011787106718579618,-0.014060523298856653,-0.0019310635250177205,-0.0033676663262479367,-0.0030907058491080053,-8.552662841761205e-05,0.003409940561120796,0.01695368058225607,-0.0022366643516258805,-0.01341836904499219,-0.0017927692438626935,-0.00449110139441615,7.589762890169993e-05,-0.0008302607554050156,0.01962448544951214,-0.018119576091172443,-0.008250773071869513
2025-09-17,0.0038522117160104327,0.005810428497823865,0.0035227591846336975,0.010980336365954114,-0.008872104435234604,0.018833964313514966,-0.011633275023266887,0.0015954837048800033,0.03881608613170778,-0.002995337087540323,-0.013188326626344407,-0.0009761476680373027,0.03568492115317298,0.010663734284429877,-0.006547977166672145,0.024730202038250867,-0.0009839764756037622,-0.051334999208211524,-0.003983479800957479,0.004549307828447029,-0.007900356964677585,0.01926326646212985,-0.007356747579929587,0.015807205617144243,-0.00025399574397157176,-0.006158867792112374,-0.008094433336272772,-0.003613703501724852,0.0010589857039487727,-0.001338024537937521,0.002001807967477426,-0.011084341015248828,-0.01028569093882964,0.012231806060288467,-0.019353775067686083,0.003956266892081964,0.013352793255758999,-0.001881174817054812,-0.00854186922610238,-0.005272700540202971,-0.0013227986524590868,0.007599390309993757,-0.012678478056641837,-0.0037727941158187395,0.009289835075795928,0.006597163817506968,0.005171979678268046,0.0012171700708878339,0.030378959130402422,0.04523826953037764,-0.0031503485678432974,-0.006972012801927219,-0.0034504577512078777,-0.0019319920326407586,0.025587025314545292,-0.017059541228081412,0.006824255490751392,0.01005747170979654,-0.012806598346162101,-0.0014339945825470324,0.004911304765203801,0.0046509044087979234,0.002807693356660368,-0.0021392003255459174,0.013914971459407642,-0.010121409485851302,-0.0005190281497128024,0.0065112871702371,0.0012861382251789719,0.005126226576769179,-0.016694032986375257,-0.008271218763665836,0.013860285620485371,-0.01897643405902566,-0.006085785565289936,-0.008384439049781992,-0.011372196814127045,0.012613002941181839,-0.011527784262409066,0.02653414314605429,0.006301824884435356,-0.004225671961746863,-0.01175141036332289,-0.013029043212029107,-0.0016542369306552507,-0.00444293577612366,0.008116423006039743,-0.009369642566304681,-0.005383245230802108,0.008393885256908581,-0.0010020674472984437,0.02489302331815557,-0.003313324941963805,-0.013899299448794034,-0.0006260541708175832,-0.00578891911464495,0.006938520592800819,0.0012101863646357888,0.009613684349509932,-0.017145277948044393,-0.004779788410078603
2025-09-18,0.0016560922600236533,0.014792256961279074,-0.0013884154252007397,0.004421505674090054,-0.008037649383868015,0.019347130730153234,-0.011689795692353719,0.016273346590398044,0.004258046394746112,-0.0034900098005556934,-0.011145325366937811,0.0017896169365181139,0.008000643787830608,0.019030760124578057,-0.004821646263910753,0.024389892527725013,-0.004722723558823749,-0.004931302281377642,-0.004284314626690877,0.004429360292094717,-0.0012241709841874504,0.01265768780475221,0.0031172688702677046,0.01564758043254165,0.009586449453863263,0.014044762550462893,-0.011343995886194225,-0.0022555380442682293,0.016948383269540755,-0.008382710629499024,-0.0007609869632898142,-0.010984632062876365,0.0060191857042711586,-0.0037050779795526484,-0.014228161670718067,0.01762029009316185,0.008451973464629337,0.0019843896575169467,-0.008794468805769659,-0.006232718949652619,-0.0172901435536848,0.006695616971458866,0.0033042543467653937,-0.001334148738145427,0.009819975226648174,4.568284302197689e-05,0.004856352418817919,-0.005695613759932147,0.02919533405601267,0.01777059076623734,-0.009066447129240679,-0.0065116193371052705,-0.0021826137425259295,0.0034741877267940383,0.0207995145067549,-0.01040218869642677,0.007472353325398043,-0.0015186424028671847,-0.0015631243974968262,-0.0025710197661267947,0.008258728229635498,0.003834400293329515,-0.005132951677300018,-0.001881491093573856,0.022886995442873224,-0.016291341642764634,-0.012252487630247513,0.01345521255411225,0.011009149545028088,-0.001909772792182171,-0.01677517161922787,-0.00433447234211963,0.013688388996504403,-0.0011908535138042686,0.012798160719338939,0.0033404607025201635,-0.009634953554097325,-0.003901030843911038,-0.01091167544713885,0.014356802753637841,0.014544082980907272,-0.006214824599901261,-0.02311593763585784,-0.012712300459404427,-0.004956351070613554,-0.004136697633244132,0.0084205424805145,0.01982174546541767,-0.002595791862042965,0.0076601432521930385,-0.00020959861881675312,0.032550094730124435,-0.0031425847517304456,-0.012471813096951417,-0.0043148768529202575,-0.006269461844790741,-0.005813104523124821,0.008465302764473819,0.010088310048884622,-0.018520579634409326,-0.007530296199909414
2025-09-19,-0.0036540299525598813,0.011865115278209104,0.0006233840329824547,0.003749056721855097,-0.01385686579802145,0.019764253056279234,-0.007830859339450283,0.0019261376855550238,0.014877735350411439,-0.006068491293351047,-0.011006629309864582,0.008324731694202066,-0.0038227227665676294,0.018284748265732557,-0.0039808970688651885,0.02361558704369065,-0.005153165568496779,-0.008825589813503315,-0.007979540258047813,0.0035360597602024646,-0.00770761481753883,0.022655824165512366,0.0011294339314840696,0.008173090920463894,0.009864680413137504,-0.0027812238888122454,-0.010288495453849536,-0.001093676794046497,0.016642420746078614,0.001404668413008639,-0.013080860820563658,-0.0027096217103268067,-0.011992835666490204,-0.0032140064600701956,-0.015023785035375353,0.02512412308223891,-0.003331170426238067,0.0009517132343655269,-0.009219116629960014,-0.0063069345985614506,-0.007488924371747627,-0.005618244856099269,0.0012814237477588517,-0.0017342465045550037,-0.006427864093833113,0.005116494043903727,0.003990240181464877,-0.007825781959354586,0.03218912761003044,0.021871593754605567,-0.006001400217095748,-0.006017752210867838,-0.0024496039566082595,-0.007008783331506882,0.022300977728883682,-0.010532609246947655,0.007274901414369768,-0.007397486359582678,-0.0015126092394809887,-0.0030236411951533315,0.004888610601040386,0.007668227735325772,-0.0025124141786652537,0.007506501933075248,0.00034197787927910117,0.0028604007492516806,-0.013820833713874187,0.007876529911243407,0.01421949687635679,-0.014981268131910558,-0.014145575545559397,-0.007153143597771527,0.015412717520887229,-0.0038348156903544317,0.02011446100952801,0.0002131314222415387,-0.00576810954790101,-0.00010917136451722709,-0.014133223109448909,0.010542282367833895,0.004003686171222862,-0.007696375231750069,-0.014589792493878373,-0.012089585468280983,-0.007500732269745972,0.000566005195214131,0.009141713950070789,0.015256825972694503,-0.0023820278338936574,0.006441083609281417,0.005830273056678811,0.020373083121108027,0.016436608266371396,-0.0119360561405501,-0.00022170554411966858,-0.006898686216041172,-0.004527604655049311,-0.005277660033390724,-0.0074336831263047826,-0.01805088509551807,-0.00271470233576776
2025-09-22,-0.01527644563760043,0.00915493765882762,0.001211125462958651,-0.008477287366883857,-0.005778946046100145,0.01988259825177057,-0.008334275739492483,0.0108536402683167,0.010928765147239686,-0.007210296662428936,0.00045910453585682603,-0.001638696200229467,-0.0032190531024057084,0.023769124855388825,-0.0010474456383917224,0.024336124053629456,-0.0010827331330408307,-0.006449880856218129,-0.0021549315119241685,0.0066801891628989335,-0.0005908080115380882,0.023689874545446583,-0.00015925926189211403,0.017006791827146497,0.0022394021715826037,0.012688014470918114,-0.003135410680640771,0.00016540832446479414,0.0011203519097860715,-0.000745929179136573,0.01040343074184371,-0.010437712702716942,-0.004064843508896562,0.0021423572094854057,-0.017810877085346025,0.02884288724991628,-0.0003299989287972316,-0.000875118801671404,-0.009954206880267297,-0.00763946155918882,-0.01654923749762388,-0.004057525488459418,0.0033167111428797566,0.0005550148339541205,0.0007668819101963251,-0.007385479271696305,-0.008784835381519362,-0.005325756910484439,0.03203616207865838,0.028564349027958583,-0.004841684356860082,-0.0033030303675579548,-0.013517575425527673,-0.007325887593555361,0.01892116787442745,-0.009502020522363833,0.008911837227949082,-0.010186257744344118,0.007620347918450621,-0.005969683427550873,0.004797579968537788,0.007734625718645152,0.002655223151233059,0.0071922687065645655,0.000337401903527601,-0.010950059504268986,-0.01106666603157902,0.005330914908797765,0.022164678668550666,-0.003610107917750238,-0.014022285162598694,-0.005533965859454995,0.008729778786872824,-0.003621027175588959,0.013155568710932236,-0.007171718479850292,-0.0007908220949673223,-0.003201953747502914,-0.013113693751935315,0.010307604366529027,0.004430005412601815,-0.0033237767543011776,-0.013028439987455509,-0.007498301720813283,-0.015069647430954625,0.000348162993408771,0.0009398871004307127,0.008927728114403621,-0.004568963280846411,0.007315116637772526,0.007474231648103832,0.015437814033716857,0.009146706356318764,0.01404468034382006,0.005011072144062559,-0.00689884151776865,-0.004553454719501651,-0.0038421512259180363,-0.008661130842285036,-0.019082451722076593,-0.008427607632307377
